<?xml version="1.0" encoding="UTF-8"?>
<metadata xml:lang="en"><Esri><CreaDate>20160909</CreaDate><CreaTime>10431200</CreaTime><ArcGISFormat>1.0</ArcGISFormat><SyncOnce>TRUE</SyncOnce><DataProperties><lineage><Process ToolSource="c:\program files (x86)\arcgis\desktop10.2\ArcToolbox\Toolboxes\Data Management Tools.tbx\CalculateField" Date="20160908" Time="111826">CalculateField EXCESS POST_CODE "101233" VB #</Process><Process ToolSource="c:\program files (x86)\arcgis\desktop10.2\ArcToolbox\Toolboxes\Data Management Tools.tbx\CalculateField" Date="20160908" Time="111848">CalculateField EXCESS LCDA "IKOYI" VB #</Process><Process ToolSource="c:\program files (x86)\arcgis\desktop10.2\ArcToolbox\Toolboxes\Data Management Tools.tbx\CalculateField" Date="20160908" Time="111909">CalculateField EXCESS CITY "BANANA ISLAND" VB #</Process><Process ToolSource="c:\program files (x86)\arcgis\desktop10.2\ArcToolbox\Toolboxes\Data Management Tools.tbx\CalculateField" Date="20160908" Time="111925">CalculateField EXCESS REGION "LAGOS STATE" VB #</Process><Process ToolSource="c:\program files (x86)\arcgis\desktop10.2\ArcToolbox\Toolboxes\Data Management Tools.tbx\CalculateField" Date="20160908" Time="111936">CalculateField EXCESS COUNTRY "NIGERIA" VB #</Process><Process ToolSource="c:\program files (x86)\arcgis\desktop10.2\ArcToolbox\Toolboxes\Data Management Tools.tbx\CalculateField" Date="20160908" Time="112335">CalculateField EXCESS SCHEME "BANANA ISLAND" VB #</Process><Process ToolSource="c:\program files (x86)\arcgis\desktop10.2\ArcToolbox\Toolboxes\Data Management Tools.tbx\CalculateField" Date="20160908" Time="112401">CalculateField EXCESS LG "ETI-OSA" VB #</Process><Process ToolSource="c:\program files (x86)\arcgis\desktop10.2\ArcToolbox\Toolboxes\Data Management Tools.tbx\CalculateField" Date="20160908" Time="112438">CalculateField EXCESS BLOCK_NO "ZONE" VB #</Process><Process ToolSource="c:\program files (x86)\arcgis\desktop10.2\ArcToolbox\Toolboxes\Data Management Tools.tbx\CalculateField" Date="20160909" Time="090025">CalculateField "BANANA ISLAND EXCESS LAND TAKEN" LGA [LG] VB #</Process><Process ToolSource="c:\program files (x86)\arcgis\desktop10.2\ArcToolbox\Toolboxes\Data Management Tools.tbx\CalculateField" Date="20160909" Time="090107">CalculateField "BANANA ISLAND EXCESS LAND TAKEN" ESTATE [SCHEME] VB #</Process><Process ToolSource="c:\program files (x86)\arcgis\desktop10.4\ArcToolbox\Toolboxes\Data Management Tools.tbx\CalculateField" Date="20170814" Time="114848">CalculateField BANANA_ISLAND_EXCESS_LAND_TAKEN PLOT_NO [EXCESS_PLO] VB #</Process><Process ToolSource="c:\program files (x86)\arcgis\desktop10.4\ArcToolbox\Toolboxes\Data Management Tools.tbx\CalculateField" Date="20170814" Time="125505">CalculateField BANANA_ISLAND_EXCESS_LAND_TAKEN LINK_NO "Int ( [XCOR] ) &amp;Int ( [YCOR] )" VB #</Process><Process ToolSource="c:\program files (x86)\arcgis\desktop10.4\ArcToolbox\Toolboxes\Data Management Tools.tbx\CalculateField" Date="20170817" Time="115153">CalculateField BANANA_ISLAND_EXCESS_LAND_TAKEN LINK_NO linc_id( !BLOCK_NO! , !X_Mid! ,  !Y_Mid!) PYTHON_9.3 "def linc_id(block,mid_x,mid_y):\n    result = str(block).split(' ')[1]+str(mid_x%1000)+str(mid_y%1000)\n    return result\n\n"</Process></lineage></DataProperties></Esri></metadata>
